1,1,24/09/2021,56,blue
2,2,14/03/2022,47,blue
3,402,29/11/2020,1903,blue
4,403,17/04/2022,3244,blue
5,404,13/04/2021,44,blue
6,405,20/05/2020,497,blue
7,3,09/09/2020,53,blue
8,401,17/12/2021,11697,blue
9,400,18/12/2020,133,blue
10,1,06/06/2020,52,blue
11,2,03/03/2022,54,blue
12,402,27/02/2021,896,blue
13,404,28/06/2021,42,blue
14,403,30/10/2020,3971,blue
15,405,13/08/2021,490,blue
16,3,23/05/2020,53,blue
17,400,18/02/2021,152,blue
18,401,19/01/2022,10761,blue
19,1,30/03/2021,51,blue
20,2,19/11/2020,53,blue
21,402,16/09/2021,3075,blue
22,404,28/02/2021,50,blue
23,403,15/07/2021,374,blue
24,405,02/06/2020,476,blue
25,400,28/01/2021,125,blue
26,3,07/09/2021,59,blue
27,401,23/07/2021,45821,blue
28,1,22/11/2021,55,blue
29,2,02/01/2021,56,blue
30,402,06/04/2022,139,blue
31,404,08/03/2022,45,blue
32,403,22/11/2020,1628,blue
33,405,28/05/2020,464,blue
34,400,28/05/2021,125,blue
35,3,10/01/2022,54,blue
36,401,27/09/2020,39080,blue
37,1,08/12/2021,53,blue
38,2,14/07/2021,57,blue
39,402,20/09/2021,3838,blue
40,404,29/04/2022,47,blue
41,403,22/03/2022,4545,blue
42,405,18/10/2021,465,blue
43,401,12/04/2022,71771,blue
44,3,14/07/2020,59,blue
45,400,09/01/2022,83,blue
46,1,27/07/2020,54,blue
47,2,30/04/2020,51,blue
48,402,08/05/2020,3873,blue
49,404,19/04/2021,49,blue
50,403,07/02/2021,3852,blue
51,405,23/07/2021,473,blue
52,401,23/03/2021,26273,blue
53,400,04/04/2022,132,blue
54,3,17/04/2021,56,blue
55,1,04/03/2021,53,blue
56,2,22/01/2021,51,blue
57,402,22/07/2020,3190,blue
58,404,27/07/2020,40,blue
59,403,22/04/2021,4250,blue
60,401,01/08/2020,103248,blue
61,400,23/08/2020,138,blue
62,405,28/06/2021,474,blue
63,3,20/12/2020,55,blue
64,1,20/02/2021,52,blue
65,2,20/10/2020,46,blue
66,402,12/06/2021,2733,blue
67,404,03/12/2020,48,blue
68,403,28/10/2020,1809,blue
69,401,27/12/2021,41373,blue
70,400,28/12/2020,65,blue
71,3,01/01/2021,54,blue
72,405,07/11/2020,479,blue
73,1,07/08/2021,51,blue
74,2,14/09/2020,49,blue
75,402,07/02/2021,765,blue
76,404,08/04/2021,49,blue
77,403,09/03/2021,3610,blue
78,401,18/02/2021,56757,blue
79,400,04/06/2020,107,blue
80,3,30/05/2021,60,blue
81,405,15/03/2021,485,blue
82,1,01/03/2021,58,blue
83,2,24/03/2022,56,blue
84,402,21/12/2021,5474,blue
85,404,03/06/2021,48,blue
86,403,30/06/2021,3321,blue
87,401,01/04/2022,16053,blue
88,400,11/10/2021,147,blue
89,3,26/06/2021,61,blue
90,405,09/01/2022,468,blue
91,1,09/02/2021,57,blue
92,2,27/06/2020,48,blue
93,402,16/12/2020,3782,blue
94,404,09/07/2020,54,blue
95,403,23/01/2022,1192,blue
96,401,14/07/2021,44780,blue
97,400,01/05/2021,77,blue
98,3,18/11/2020,53,blue
99,405,29/04/2022,482,blue
100,1,15/09/2020,50,blue
101,2,06/09/2021,51,blue
102,402,04/06/2021,4584,blue
103,404,27/07/2021,43,blue
104,403,27/09/2021,5683,blue
105,401,26/02/2022,12468,blue
106,400,05/02/2021,132,blue
107,3,23/06/2020,56,blue
108,405,11/03/2021,476,blue
109,1,29/05/2020,50,blue
110,2,22/01/2022,49,blue
111,402,16/04/2022,626,blue
112,404,27/04/2021,52,blue
113,403,12/06/2020,561,blue
114,401,30/03/2021,95231,blue
115,400,08/12/2020,88,blue
116,3,28/11/2020,57,blue
117,405,05/06/2021,476,blue
118,1,10/12/2021,56,blue
119,2,25/07/2021,56,blue
120,402,13/05/2020,1360,blue
121,404,15/01/2022,48,blue
122,403,11/11/2020,4768,blue
123,401,27/08/2021,32461,blue
124,400,10/04/2022,63,blue
125,3,06/09/2021,60,blue
126,405,27/09/2021,492,blue
127,1,14/09/2021,54,blue
128,2,09/05/2020,55,blue
129,402,18/08/2021,2990,blue
130,404,18/08/2020,51,blue
131,403,12/07/2021,5334,blue
132,401,06/08/2020,34107,blue
133,400,26/10/2021,140,blue
134,3,18/03/2021,56,blue
135,405,20/10/2021,463,blue
136,1,05/07/2021,55,blue
137,2,02/01/2021,51,blue
138,402,15/10/2021,5701,blue
139,404,07/10/2021,46,blue
140,403,30/11/2021,1933,blue
141,401,01/02/2022,22743,blue
142,400,25/05/2020,124,blue
143,3,27/08/2021,55,blue
144,405,04/03/2021,474,blue
145,1,01/06/2020,51,blue
146,2,10/09/2020,47,blue
147,402,05/02/2021,3306,blue
148,404,28/03/2022,45,blue
149,403,06/02/2021,4996,blue
150,401,20/11/2020,49365,blue
151,400,13/12/2021,84,blue
152,3,23/03/2022,55,blue
153,405,12/07/2021,496,blue
154,1,09/09/2020,51,blue
155,2,26/08/2021,52,blue
156,402,27/01/2021,118,blue
157,404,14/03/2022,45,blue
158,403,21/02/2022,2217,blue
159,401,07/04/2022,25773,blue
160,400,30/01/2022,127,blue
161,3,18/07/2020,57,blue
162,405,05/12/2020,492,blue
163,1,21/07/2021,53,blue
164,2,12/03/2022,48,blue
165,402,05/09/2021,4388,blue
166,404,13/08/2021,45,blue
167,403,31/10/2020,5911,blue
168,401,28/07/2020,26357,blue
169,400,15/04/2021,139,blue
170,3,28/02/2021,54,blue
171,405,27/02/2022,490,blue
172,1,03/02/2021,53,blue
173,2,28/08/2020,53,blue
174,402,25/02/2021,1479,blue
175,404,23/04/2021,54,blue
176,403,14/02/2021,2406,blue
177,401,30/08/2020,31873,blue
178,400,04/10/2020,125,blue
179,3,22/09/2021,60,blue
180,405,28/11/2021,485,blue
181,1,04/09/2020,51,blue
182,2,04/10/2020,49,blue
183,402,10/09/2020,1048,blue
184,404,21/07/2020,52,blue
185,403,03/02/2021,1520,blue
186,401,02/06/2021,97316,blue
187,400,01/05/2020,159,blue
188,3,08/01/2022,52,blue
189,405,07/10/2020,468,blue
190,1,01/12/2020,51,blue
191,2,28/12/2021,54,blue
192,402,05/08/2021,3093,blue
193,404,24/09/2021,42,blue
194,403,08/02/2021,1871,blue
195,401,29/01/2022,58891,blue
196,400,28/06/2020,75,blue
197,3,22/12/2020,55,blue
198,405,09/09/2021,486,blue
199,2,09/12/2021,49,blue
200,1,21/09/2021,53,blue
201,402,10/05/2021,3269,blue
202,404,03/12/2021,43,blue
203,403,14/12/2020,1631,blue
204,401,11/11/2021,79474,blue
205,400,19/05/2020,39,blue
206,3,12/03/2021,59,blue
207,405,21/10/2021,480,blue
208,2,16/05/2020,50,blue
209,1,29/04/2021,51,blue
210,402,18/10/2020,780,blue
211,404,06/12/2021,49,blue
212,403,24/11/2020,1927,blue
213,401,30/04/2021,55436,blue
214,400,27/03/2021,102,blue
215,3,16/05/2020,60,blue
216,405,24/08/2021,491,blue
217,2,12/12/2021,55,blue
218,1,21/04/2021,53,blue
219,402,10/11/2020,2680,blue
220,404,02/05/2021,45,blue
221,403,01/04/2022,2043,blue
222,401,08/11/2020,22589,blue
223,400,05/12/2021,72,blue
224,3,23/04/2021,58,blue
225,405,09/06/2020,480,blue
226,2,17/05/2020,53,blue
227,1,22/06/2020,52,blue
228,402,04/05/2021,3412,blue
229,404,25/07/2021,44,blue
230,403,14/04/2022,210,blue
231,401,30/09/2021,38574,blue
232,400,26/12/2021,96,blue
233,3,06/11/2020,59,blue
234,405,20/04/2022,484,blue
235,2,19/06/2021,45,blue
236,1,13/05/2021,59,blue
237,402,01/09/2021,2321,blue
238,404,09/02/2022,53,blue
239,403,08/04/2021,5770,blue
240,401,03/01/2022,73356,blue
241,400,23/02/2021,64,blue
242,3,21/08/2021,55,blue
243,405,19/03/2022,494,blue
244,2,28/05/2021,52,blue
245,1,13/04/2022,51,blue
246,402,12/07/2021,984,blue
247,404,28/08/2020,50,blue
248,403,07/08/2021,3407,blue
249,401,24/10/2021,3519,blue
250,400,11/01/2021,84,blue
251,405,23/05/2021,495,blue
252,3,22/02/2022,56,blue
253,2,14/03/2021,47,blue
254,1,13/02/2021,51,blue
255,402,08/04/2021,3223,blue
256,404,02/12/2020,50,blue
257,403,28/11/2020,4742,blue
258,401,22/01/2022,26680,blue
259,400,03/09/2020,110,blue
260,405,15/03/2022,470,blue
261,3,10/01/2021,55,blue
262,2,13/10/2020,55,blue
263,1,11/08/2020,51,blue
264,402,24/12/2020,282,blue
265,404,22/11/2021,50,blue
266,403,25/10/2020,1700,blue
267,401,17/02/2022,50314,blue
268,400,21/08/2021,96,blue
269,405,15/11/2020,457,blue
270,3,17/07/2021,55,blue
271,2,29/03/2022,49,blue
272,1,09/06/2021,57,blue
273,404,04/03/2021,43,blue
274,402,01/04/2021,3184,blue
275,403,07/12/2020,2419,blue
276,401,12/09/2021,35684,blue
277,400,11/10/2021,107,blue
278,405,24/11/2020,499,blue
279,3,08/01/2021,59,blue
280,2,18/11/2021,51,blue
281,1,01/11/2020,59,blue
282,404,10/08/2020,54,blue
283,402,20/02/2022,4963,blue
284,403,01/03/2022,5392,blue
285,401,21/09/2020,34055,blue
286,400,24/03/2021,43,blue
287,405,24/06/2020,468,blue
288,3,01/03/2021,61,blue
289,2,21/11/2021,57,blue
290,1,02/01/2022,55,blue
291,404,03/02/2022,44,blue
292,402,15/03/2022,5409,blue
293,403,20/10/2021,4326,blue
294,401,01/04/2021,57943,blue
295,405,10/03/2022,465,blue
296,400,24/02/2021,118,blue
297,3,12/06/2020,54,blue
298,2,31/08/2020,46,blue
299,1,24/02/2021,59,blue
300,404,04/11/2020,45,blue
1,405,24/09/2021,494,blue
2,1,14/03/2022,59,blue
3,2,29/11/2020,50,blue
4,3,17/04/2022,54,blue
5,400,13/04/2021,125,blue
6,401,20/05/2020,92533,blue
7,402,09/09/2020,2458,blue
8,403,17/12/2021,1943,blue
9,404,18/12/2020,49,blue
10,405,06/06/2020,497,blue
11,402,03/03/2022,546,blue
12,3,27/02/2021,57,blue
13,2,28/06/2021,53,blue
14,400,30/10/2020,71,blue
15,1,13/08/2021,53,blue
16,403,23/05/2020,4426,blue
17,404,18/02/2021,41,blue
18,401,19/01/2022,96210,blue
19,405,30/03/2021,473,blue
20,3,19/11/2020,57,blue
21,402,16/09/2021,3305,blue
22,2,28/02/2021,54,blue
23,400,15/07/2021,90,blue
24,1,02/06/2020,53,blue
25,403,28/01/2021,2922,blue
26,404,07/09/2021,48,blue
27,401,23/07/2021,97375,blue
28,405,22/11/2021,466,blue
29,3,02/01/2021,59,blue
30,402,06/04/2022,567,blue
31,400,08/03/2022,126,blue
32,1,22/11/2020,58,blue
33,403,28/05/2020,4422,blue
34,404,28/05/2021,42,blue
35,2,10/01/2022,53,blue
36,401,27/09/2020,9621,blue
37,405,08/12/2021,492,blue
38,3,14/07/2021,56,blue
39,402,20/09/2021,647,blue
40,400,29/04/2022,108,blue
41,1,22/03/2022,54,blue
42,403,18/10/2021,1147,blue
43,404,12/04/2022,52,blue
44,2,14/07/2020,45,blue
45,401,09/01/2022,37153,blue
46,405,27/07/2020,495,blue
47,3,30/04/2020,52,blue
48,402,08/05/2020,1537,blue
49,400,19/04/2021,68,blue
50,1,07/02/2021,57,blue
51,403,23/07/2021,1168,blue
52,404,23/03/2021,54,blue
53,2,04/04/2022,51,blue
54,401,17/04/2021,97304,blue
55,405,04/03/2021,490,blue
56,3,22/01/2021,53,blue
57,402,22/07/2020,244,blue
58,400,27/07/2020,142,blue
59,1,22/04/2021,59,blue
60,403,01/08/2020,4120,blue
61,404,23/08/2020,44,blue
62,2,28/06/2021,52,blue
63,401,20/12/2020,88801,blue
64,405,20/02/2021,469,blue
65,3,20/10/2020,54,blue
66,402,12/06/2021,2245,blue
67,400,03/12/2020,98,blue
68,1,28/10/2020,51,blue
69,403,27/12/2021,5829,blue
70,404,28/12/2020,45,blue
71,2,01/01/2021,46,blue
72,401,07/11/2020,83407,blue
73,405,07/08/2021,470,blue
74,3,14/09/2020,54,blue
75,402,07/02/2021,3066,blue
76,400,08/04/2021,38,blue
77,1,09/03/2021,51,blue
78,403,18/02/2021,1349,blue
79,404,04/06/2020,53,blue
80,2,30/05/2021,57,blue
81,401,15/03/2021,46306,blue
82,405,01/03/2021,466,blue
83,3,24/03/2022,55,blue
84,402,21/12/2021,2347,blue
85,400,03/06/2021,140,blue
86,1,30/06/2021,55,blue
87,403,01/04/2022,602,blue
88,404,11/10/2021,42,blue
89,2,26/06/2021,55,blue
90,401,09/01/2022,49088,blue
91,405,09/02/2021,499,blue
92,3,27/06/2020,54,blue
93,402,16/12/2020,202,blue
94,400,09/07/2020,56,blue
95,1,23/01/2022,52,blue
96,403,14/07/2021,1279,blue
97,404,01/05/2021,49,blue
98,2,18/11/2020,47,blue
99,401,29/04/2022,95897,blue
100,405,15/09/2020,472,blue
101,3,06/09/2021,58,blue
102,402,04/06/2021,4260,blue
103,400,27/07/2021,82,blue
104,1,27/09/2021,58,blue
105,403,26/02/2022,78,blue
106,404,05/02/2021,52,blue
107,2,23/06/2020,48,blue
108,401,11/03/2021,15898,blue
109,405,29/05/2020,467,blue
110,3,22/01/2022,57,blue
111,402,16/04/2022,3092,blue
112,400,27/04/2021,36,blue
113,1,12/06/2020,53,blue
114,403,30/03/2021,2423,blue
115,404,08/12/2020,46,blue
116,2,28/11/2020,51,blue
117,401,05/06/2021,84422,blue
118,405,10/12/2021,480,blue
119,3,25/07/2021,61,blue
120,402,13/05/2020,5960,blue
121,400,15/01/2022,155,blue
122,1,11/11/2020,52,blue
123,403,27/08/2021,1793,blue
124,404,10/04/2022,42,blue
125,2,06/09/2021,52,blue
126,401,27/09/2021,42410,blue
127,405,14/09/2021,461,blue
128,3,09/05/2020,60,blue
129,402,18/08/2021,3112,blue
130,400,18/08/2020,119,blue
131,1,12/07/2021,52,blue
132,403,06/08/2020,2257,blue
133,404,26/10/2021,48,blue
134,2,18/03/2021,53,blue
135,401,20/10/2021,21407,blue
136,405,05/07/2021,459,blue
137,3,02/01/2021,53,blue
138,402,15/10/2021,241,blue
139,400,07/10/2021,38,blue
140,1,30/11/2021,51,blue
141,403,01/02/2022,1516,blue
142,404,25/05/2020,43,blue
143,2,27/08/2021,46,blue
144,401,04/03/2021,101997,blue
145,405,01/06/2020,488,blue
146,3,10/09/2020,58,blue
147,402,05/02/2021,2289,blue
148,400,28/03/2022,76,blue
149,1,06/02/2021,51,blue
150,403,20/11/2020,2220,blue
151,404,13/12/2021,46,blue
152,2,23/03/2022,46,blue
153,401,12/07/2021,56789,blue
154,405,09/09/2020,480,blue
155,3,26/08/2021,52,blue
156,402,27/01/2021,5961,blue
157,400,14/03/2022,117,blue
158,1,21/02/2022,55,blue
159,403,07/04/2022,2276,blue
160,404,30/01/2022,48,blue
161,2,18/07/2020,57,blue
162,401,05/12/2020,58089,blue
163,405,21/07/2021,490,blue
164,3,12/03/2022,57,blue
165,402,05/09/2021,1201,blue
166,400,13/08/2021,92,blue
167,1,31/10/2020,53,blue
168,403,28/07/2020,2967,blue
169,404,15/04/2021,40,blue
170,2,28/02/2021,46,blue
171,401,27/02/2022,59003,blue
172,405,03/02/2021,465,blue
173,3,28/08/2020,59,blue
174,402,25/02/2021,2824,blue
175,400,23/04/2021,94,blue
176,1,14/02/2021,59,blue
177,404,30/08/2020,54,blue
178,2,04/10/2020,56,blue
179,403,22/09/2021,1110,blue
180,401,28/11/2021,88930,blue
181,405,04/09/2020,485,blue
182,3,04/10/2020,59,blue
183,402,10/09/2020,606,blue
184,400,21/07/2020,103,blue
185,1,03/02/2021,59,blue
186,404,02/06/2021,47,blue
187,2,01/05/2020,57,blue
188,401,08/01/2022,79856,blue
189,403,07/10/2020,5241,blue
190,405,01/12/2020,496,blue
191,3,28/12/2021,57,blue
192,402,05/08/2021,3059,blue
193,400,24/09/2021,76,blue
194,1,08/02/2021,59,blue
195,404,29/01/2022,50,blue
196,2,28/06/2020,53,blue
197,401,22/12/2020,11086,blue
198,403,09/09/2021,3282,blue
199,405,09/12/2021,485,blue
200,3,21/09/2021,61,blue
201,402,10/05/2021,4441,blue
202,400,03/12/2021,52,blue
203,1,14/12/2020,57,blue
204,2,11/11/2021,48,blue
205,404,19/05/2020,40,blue
206,401,12/03/2021,2296,blue
207,403,21/10/2021,3179,blue
208,405,16/05/2020,465,blue
209,3,29/04/2021,52,blue
210,402,18/10/2020,3156,blue
211,400,06/12/2021,80,blue
212,1,24/11/2020,58,blue
213,2,30/04/2021,47,blue
214,404,27/03/2021,44,blue
215,401,16/05/2020,24800,blue
216,403,24/08/2021,4895,blue
217,405,12/12/2021,487,blue
218,3,21/04/2021,59,blue
219,402,10/11/2020,2220,blue
220,400,02/05/2021,106,blue
221,1,01/04/2022,52,blue
222,2,08/11/2020,47,blue
223,404,05/12/2021,46,blue
224,403,23/04/2021,4108,blue
225,401,09/06/2020,33559,blue
226,405,17/05/2020,458,blue
227,3,22/06/2020,53,blue
228,402,04/05/2021,2875,blue
229,400,25/07/2021,94,blue
230,1,14/04/2022,55,blue
231,2,30/09/2021,52,blue
232,404,26/12/2021,54,blue
233,403,06/11/2020,1342,blue
234,401,20/04/2022,20003,blue
235,405,19/06/2021,499,blue
236,3,13/05/2021,54,blue
237,402,01/09/2021,5508,blue
238,400,09/02/2022,154,blue
239,1,08/04/2021,57,blue
240,2,03/01/2022,57,blue
241,404,23/02/2021,40,blue
242,403,21/08/2021,4729,blue
243,401,19/03/2022,45324,blue
244,405,28/05/2021,461,blue
245,3,13/04/2022,56,blue
246,402,12/07/2021,4838,blue
247,400,28/08/2020,123,blue
248,1,07/08/2021,59,blue
249,2,24/10/2021,46,blue
250,403,11/01/2021,337,blue
251,401,23/05/2021,87711,blue
252,404,22/02/2022,54,blue
253,405,14/03/2021,498,blue
254,3,13/02/2021,57,blue
255,402,08/04/2021,2584,blue
256,400,02/12/2020,56,blue
257,1,28/11/2020,51,blue
258,2,22/01/2022,50,blue
259,403,03/09/2020,1051,blue
260,404,15/03/2022,46,blue
261,401,10/01/2021,52432,blue
262,405,13/10/2020,464,blue
263,3,11/08/2020,53,blue
264,402,24/12/2020,3769,blue
265,400,22/11/2021,52,blue
266,1,25/10/2020,51,blue
267,2,17/02/2022,48,blue
268,403,21/08/2021,4185,blue
269,404,15/11/2020,44,blue
270,401,17/07/2021,52235,blue
271,405,29/03/2022,464,blue
272,3,09/06/2021,53,blue
273,402,04/03/2021,4573,blue
274,1,01/04/2021,57,blue
275,400,07/12/2020,111,blue
276,2,12/09/2021,48,blue
277,403,11/10/2021,765,blue
278,404,24/11/2020,51,blue
279,401,08/01/2021,89027,blue
280,405,18/11/2021,499,blue
281,3,01/11/2020,60,blue
282,402,10/08/2020,5663,blue
283,1,20/02/2022,54,blue
284,400,01/03/2022,67,blue
285,2,21/09/2020,57,blue
286,403,24/03/2021,1224,blue
287,404,24/06/2020,46,blue
288,401,01/03/2021,88855,blue
289,405,21/11/2021,466,blue
290,3,02/01/2022,53,blue
291,402,03/02/2022,807,blue
292,1,15/03/2022,56,blue
293,400,20/10/2021,35,blue
294,2,01/04/2021,52,blue
295,403,10/03/2022,2452,blue
296,404,24/02/2021,44,blue
297,401,12/06/2020,100991,blue
298,405,31/08/2020,499,blue
299,3,24/02/2021,54,blue
300,402,04/11/2020,1273,blue
1,405,24/09/2021,491,blue
2,1,14/03/2022,56,blue
3,2,29/11/2020,54,blue
4,3,17/04/2022,59,blue
5,400,13/04/2021,98,blue
6,401,20/05/2020,92773,blue
7,402,09/09/2020,1323,blue
8,403,17/12/2021,4211,blue
9,404,18/12/2020,42,blue
10,405,06/06/2020,457,blue
11,2,03/03/2022,47,blue
12,403,27/02/2021,4592,blue
13,401,28/06/2021,43363,blue
14,1,30/10/2020,58,blue
15,400,13/08/2021,115,blue
16,404,23/05/2020,48,blue
17,402,18/02/2021,4667,blue
18,3,19/01/2022,55,blue
19,405,30/03/2021,490,blue
20,2,19/11/2020,51,blue
21,403,16/09/2021,5839,blue
22,1,28/02/2021,58,blue
23,401,15/07/2021,25200,blue
24,400,02/06/2020,96,blue
25,404,28/01/2021,51,blue
26,402,07/09/2021,3767,blue
27,3,23/07/2021,53,blue
28,405,22/11/2021,463,blue
29,2,02/01/2021,56,blue
30,403,06/04/2022,5865,blue
31,1,08/03/2022,50,blue
32,401,22/11/2020,55674,blue
33,400,28/05/2020,136,blue
34,404,28/05/2021,49,blue
35,402,10/01/2022,1994,blue
36,3,27/09/2020,56,blue
37,405,08/12/2021,497,blue
38,2,14/07/2021,50,blue
39,403,20/09/2021,4761,blue
40,401,29/04/2022,36433,blue
41,1,22/03/2022,50,blue
42,400,18/10/2021,142,blue
43,404,12/04/2022,43,blue
44,402,14/07/2020,793,blue
45,3,09/01/2022,58,blue
46,405,27/07/2020,461,blue
47,2,30/04/2020,55,blue
48,403,08/05/2020,1301,blue
49,401,19/04/2021,79805,blue
50,1,07/02/2021,53,blue
51,400,23/07/2021,118,blue
52,404,23/03/2021,40,blue
53,402,04/04/2022,4203,blue
54,3,17/04/2021,55,blue
55,405,04/03/2021,495,blue
56,2,22/01/2021,53,blue
57,403,22/07/2020,3123,blue
58,401,27/07/2020,46438,blue
59,1,22/04/2021,59,blue
60,400,01/08/2020,118,blue
61,404,23/08/2020,42,blue
62,402,28/06/2021,4353,blue
63,3,20/12/2020,54,blue
64,405,20/02/2021,487,blue
65,2,20/10/2020,49,blue
66,403,12/06/2021,4895,blue
67,401,03/12/2020,62769,blue
68,1,28/10/2020,58,blue
69,400,27/12/2021,94,blue
70,404,28/12/2020,51,blue
71,402,01/01/2021,5492,blue
72,3,07/11/2020,53,blue
73,405,07/08/2021,478,blue
74,2,14/09/2020,46,blue
75,403,07/02/2021,1206,blue
76,401,08/04/2021,33992,blue
77,1,09/03/2021,54,blue
78,400,18/02/2021,114,blue
79,402,04/06/2020,2034,blue
80,404,30/05/2021,44,blue
81,3,15/03/2021,59,blue
82,405,01/03/2021,464,blue
83,2,24/03/2022,48,blue
84,403,21/12/2021,4552,blue
85,401,03/06/2021,56898,blue
86,1,30/06/2021,54,blue
87,400,01/04/2022,155,blue
88,402,11/10/2021,3038,blue
89,404,26/06/2021,42,blue
90,3,09/01/2022,54,blue
91,405,09/02/2021,499,blue
92,2,27/06/2020,47,blue
93,403,16/12/2020,1364,blue
94,401,09/07/2020,56017,blue
95,1,23/01/2022,57,blue
96,400,14/07/2021,90,blue
97,402,01/05/2021,5392,blue
98,404,18/11/2020,42,blue
99,3,29/04/2022,61,blue
100,405,15/09/2020,462,blue
101,2,06/09/2021,57,blue
102,403,04/06/2021,2227,blue
103,401,27/07/2021,44078,blue
104,1,27/09/2021,58,blue
105,400,26/02/2022,129,blue
106,402,05/02/2021,550,blue
107,404,23/06/2020,44,blue
108,3,11/03/2021,56,blue
109,405,29/05/2020,494,blue
110,2,22/01/2022,51,blue
111,403,16/04/2022,5668,blue
112,401,27/04/2021,71389,blue
113,1,12/06/2020,55,blue
114,400,30/03/2021,153,blue
115,402,08/12/2020,3463,blue
116,404,28/11/2020,40,blue
117,3,05/06/2021,58,blue
118,405,10/12/2021,483,blue
119,2,25/07/2021,55,blue
120,403,13/05/2020,1349,blue
121,401,15/01/2022,100875,blue
122,1,11/11/2020,53,blue
123,400,27/08/2021,135,blue
124,402,10/04/2022,2217,blue
125,404,06/09/2021,42,blue
126,3,27/09/2021,55,blue
127,405,14/09/2021,480,blue
128,2,09/05/2020,51,blue
129,403,18/08/2021,4636,blue
130,401,18/08/2020,20774,blue
131,1,12/07/2021,57,blue
132,400,06/08/2020,47,blue
133,402,26/10/2021,2022,blue
134,404,18/03/2021,54,blue
135,3,20/10/2021,52,blue
136,405,05/07/2021,483,blue
137,2,02/01/2021,54,blue
138,403,15/10/2021,5271,blue
139,401,07/10/2021,61701,blue
140,400,30/11/2021,60,blue
141,402,01/02/2022,2861,blue
142,1,25/05/2020,58,blue
143,404,27/08/2021,44,blue
144,3,04/03/2021,60,blue
145,405,01/06/2020,481,blue
146,2,10/09/2020,48,blue
147,403,05/02/2021,2066,blue
148,401,28/03/2022,60878,blue
149,400,06/02/2021,143,blue
150,404,20/11/2020,50,blue
151,1,13/12/2021,57,blue
152,402,23/03/2022,2291,blue
153,3,12/07/2021,52,blue
154,405,09/09/2020,464,blue
155,2,26/08/2021,52,blue
156,403,27/01/2021,293,blue
157,401,14/03/2022,65139,blue
158,400,21/02/2022,63,blue
159,404,07/04/2022,41,blue
160,402,30/01/2022,5836,blue
161,1,18/07/2020,53,blue
162,3,05/12/2020,53,blue
163,405,21/07/2021,493,blue
164,2,12/03/2022,52,blue
165,403,05/09/2021,5188,blue
166,401,13/08/2021,22411,blue
167,400,31/10/2020,36,blue
168,404,28/07/2020,45,blue
169,402,15/04/2021,5061,blue
170,1,28/02/2021,55,blue
171,3,27/02/2022,58,blue
172,405,03/02/2021,456,blue
173,2,28/08/2020,49,blue
174,403,25/02/2021,457,blue
175,401,23/04/2021,6961,blue
176,400,14/02/2021,99,blue
177,404,30/08/2020,54,blue
178,402,04/10/2020,5242,blue
179,1,22/09/2021,55,blue
180,3,28/11/2021,54,blue
181,405,04/09/2020,492,blue
182,2,04/10/2020,49,blue
183,403,10/09/2020,5184,blue
184,401,21/07/2020,59002,blue
185,400,03/02/2021,158,blue
186,404,02/06/2021,45,blue
187,402,01/05/2020,1603,blue
188,1,08/01/2022,52,blue
189,3,07/10/2020,60,blue
190,405,01/12/2020,492,blue
191,2,28/12/2021,57,blue
192,403,05/08/2021,3569,blue
193,401,24/09/2021,81615,blue
194,400,08/02/2021,152,blue
195,404,29/01/2022,42,blue
196,402,28/06/2020,3974,blue
197,1,22/12/2020,56,blue
198,3,09/09/2021,57,blue
199,405,09/12/2021,496,blue
200,2,21/09/2021,50,blue
201,403,10/05/2021,4071,blue
202,401,03/12/2021,73289,blue
203,400,14/12/2020,69,blue
204,404,11/11/2021,45,blue
205,402,19/05/2020,3344,blue
206,1,12/03/2021,54,blue
207,3,21/10/2021,57,blue
208,405,16/05/2020,499,blue
209,2,29/04/2021,50,blue
210,403,18/10/2020,1149,blue
211,401,06/12/2021,74883,blue
212,400,24/11/2020,111,blue
213,404,30/04/2021,40,blue
214,402,27/03/2021,172,blue
215,1,16/05/2020,59,blue
216,3,24/08/2021,60,blue
217,405,12/12/2021,462,blue
218,2,21/04/2021,45,blue
219,403,10/11/2020,1452,blue
220,401,02/05/2021,74452,blue
221,400,01/04/2022,75,blue
222,404,08/11/2020,44,blue
223,402,05/12/2021,393,blue
224,1,23/04/2021,51,blue
225,3,09/06/2020,57,blue
226,405,17/05/2020,492,blue
227,2,22/06/2020,56,blue
228,403,04/05/2021,2694,blue
229,401,25/07/2021,16330,blue
230,400,14/04/2022,94,blue
231,404,30/09/2021,48,blue
232,402,26/12/2021,1830,blue
233,1,06/11/2020,56,blue
234,3,20/04/2022,60,blue
235,405,19/06/2021,481,blue
236,2,13/05/2021,56,blue
237,403,01/09/2021,2188,blue
238,401,09/02/2022,24943,blue
239,400,08/04/2021,86,blue
240,404,03/01/2022,41,blue
241,402,23/02/2021,5870,blue
242,1,21/08/2021,59,blue
243,3,19/03/2022,54,blue
244,405,28/05/2021,464,blue
245,2,13/04/2022,57,blue
246,403,12/07/2021,3675,blue
247,401,28/08/2020,32023,blue
248,400,07/08/2021,68,blue
249,404,24/10/2021,52,blue
250,402,11/01/2021,831,blue
251,1,23/05/2021,54,blue
252,3,22/02/2022,56,blue
253,405,14/03/2021,472,blue
254,2,13/02/2021,48,blue
255,403,08/04/2021,5735,blue
256,401,02/12/2020,14742,blue
257,400,28/11/2020,107,blue
258,404,22/01/2022,40,blue
259,402,03/09/2020,5863,blue
260,1,15/03/2022,52,blue
261,3,10/01/2021,59,blue
262,405,13/10/2020,457,blue
263,2,11/08/2020,50,blue
264,403,24/12/2020,1175,blue
265,401,22/11/2021,42752,blue
266,400,25/10/2020,88,blue
267,404,17/02/2022,45,blue
268,402,21/08/2021,4318,blue
269,1,15/11/2020,59,blue
270,3,17/07/2021,57,blue
271,405,29/03/2022,480,blue
272,2,09/06/2021,53,blue
273,403,04/03/2021,1344,blue
274,401,01/04/2021,71774,blue
275,400,07/12/2020,46,blue
276,404,12/09/2021,54,blue
277,402,11/10/2021,5373,blue
278,1,24/11/2020,54,blue
279,3,08/01/2021,59,blue
280,405,18/11/2021,491,blue
281,2,01/11/2020,49,blue
282,403,10/08/2020,5054,blue
283,401,20/02/2022,77616,blue
284,400,01/03/2022,111,blue
285,404,21/09/2020,51,blue
286,402,24/03/2021,553,blue
287,1,24/06/2020,52,blue
288,3,01/03/2021,58,blue
289,405,21/11/2021,467,blue
290,2,02/01/2022,56,blue
291,403,03/02/2022,5684,blue
292,401,15/03/2022,77403,blue
293,400,20/10/2021,82,blue
294,404,01/04/2021,51,blue
295,402,10/03/2022,721,blue
296,1,24/02/2021,58,blue
297,3,12/06/2020,55,blue
298,405,31/08/2020,477,blue
299,2,24/02/2021,46,blue
300,403,04/11/2020,3565,blue
1,3,24/09/2021,57,blue
2,1,14/03/2022,50,blue
3,401,29/11/2020,61710,blue
4,402,17/04/2022,1807,blue
5,400,13/04/2021,131,blue
6,403,20/05/2020,2372,blue
7,404,09/09/2020,45,blue
8,405,17/12/2021,464,blue
9,2,18/12/2020,55,blue
10,3,06/06/2020,52,blue
11,1,03/03/2022,51,blue
12,401,27/02/2021,65561,blue
13,400,28/06/2021,94,blue
14,402,30/10/2020,2968,blue
15,404,13/08/2021,47,blue
16,2,23/05/2020,56,blue
17,403,18/02/2021,355,blue
18,405,19/01/2022,465,blue
19,3,30/03/2021,59,blue
20,1,19/11/2020,58,blue
21,401,16/09/2021,82382,blue
22,404,28/02/2021,41,blue
23,400,15/07/2021,57,blue
24,2,02/06/2020,46,blue
25,405,28/01/2021,479,blue
26,403,07/09/2021,2327,blue
27,402,23/07/2021,3979,blue
28,3,22/11/2021,57,blue
29,1,02/01/2021,53,blue
30,401,06/04/2022,17923,blue
31,404,08/03/2022,47,blue
32,400,22/11/2020,112,blue
33,403,28/05/2020,710,blue
34,2,28/05/2021,47,blue
35,405,10/01/2022,491,blue
36,402,27/09/2020,4484,blue
37,3,08/12/2021,61,blue
38,1,14/07/2021,53,blue
39,401,20/09/2021,13198,blue
40,400,29/04/2022,101,blue
41,403,22/03/2022,306,blue
42,404,18/10/2021,44,blue
43,2,12/04/2022,48,blue
44,405,14/07/2020,477,blue
45,402,09/01/2022,5903,blue
46,3,27/07/2020,60,blue
47,1,30/04/2020,51,blue
48,401,08/05/2020,19565,blue
49,400,19/04/2021,136,blue
50,403,07/02/2021,5262,blue
51,405,23/07/2021,479,blue
52,402,23/03/2021,818,blue
53,404,04/04/2022,44,blue
54,2,17/04/2021,47,blue
55,3,04/03/2021,58,blue
56,1,22/01/2021,53,blue
57,401,22/07/2020,60861,blue
58,400,27/07/2020,48,blue
59,403,22/04/2021,4953,blue
60,405,01/08/2020,468,blue
61,402,23/08/2020,3414,blue
62,404,28/06/2021,41,blue
63,2,20/12/2020,49,blue
64,3,20/02/2021,54,blue
65,1,20/10/2020,53,blue
66,401,12/06/2021,38247,blue
67,400,03/12/2020,72,blue
68,403,28/10/2020,3208,blue
69,405,27/12/2021,460,blue
70,402,28/12/2020,146,blue
71,404,01/01/2021,40,blue
72,2,07/11/2020,49,blue
73,3,07/08/2021,54,blue
74,1,14/09/2020,56,blue
75,401,07/02/2021,74819,blue
76,400,08/04/2021,76,blue
77,403,09/03/2021,2408,blue
78,405,18/02/2021,482,blue
79,402,04/06/2020,5694,blue
80,2,30/05/2021,46,blue
81,404,15/03/2021,53,blue
82,3,01/03/2021,52,blue
83,1,24/03/2022,50,blue
84,401,21/12/2021,35347,blue
85,400,03/06/2021,136,blue
86,403,30/06/2021,1735,blue
87,402,01/04/2022,291,blue
88,2,11/10/2021,49,blue
89,405,26/06/2021,458,blue
90,404,09/01/2022,51,blue
91,3,09/02/2021,58,blue
92,1,27/06/2020,55,blue
93,401,16/12/2020,12667,blue
94,400,09/07/2020,91,blue
95,402,23/01/2022,4563,blue
96,405,14/07/2021,480,blue
97,403,01/05/2021,2569,blue
98,2,18/11/2020,55,blue
99,404,29/04/2022,54,blue
100,3,15/09/2020,53,blue
101,1,06/09/2021,50,blue
102,401,04/06/2021,2147,blue
103,400,27/07/2021,130,blue
104,405,27/09/2021,476,blue
105,402,26/02/2022,4127,blue
106,2,05/02/2021,57,blue
107,403,23/06/2020,1336,blue
108,404,11/03/2021,41,blue
109,3,29/05/2020,60,blue
110,1,22/01/2022,57,blue
111,401,16/04/2022,64699,blue
112,400,27/04/2021,85,blue
113,405,12/06/2020,461,blue
114,402,30/03/2021,5290,blue
115,2,08/12/2020,50,blue
116,404,28/11/2020,53,blue
117,403,05/06/2021,2054,blue
118,3,10/12/2021,54,blue
119,1,25/07/2021,53,blue
120,401,13/05/2020,103469,blue
121,400,15/01/2022,80,blue
122,405,11/11/2020,495,blue
123,402,27/08/2021,3944,blue
124,2,10/04/2022,51,blue
125,404,06/09/2021,54,blue
126,403,27/09/2021,4234,blue
127,3,14/09/2021,60,blue
128,1,09/05/2020,59,blue
129,401,18/08/2021,76946,blue
130,400,18/08/2020,144,blue
131,405,12/07/2021,464,blue
132,402,06/08/2020,2282,blue
133,2,26/10/2021,55,blue
134,404,18/03/2021,43,blue
135,403,20/10/2021,1387,blue
136,3,05/07/2021,54,blue
137,1,02/01/2021,53,blue
138,401,15/10/2021,54736,blue
139,400,07/10/2021,89,blue
140,405,30/11/2021,461,blue
141,402,01/02/2022,292,blue
142,2,25/05/2020,56,blue
143,404,27/08/2021,52,blue
144,403,04/03/2021,3142,blue
145,3,01/06/2020,59,blue
146,1,10/09/2020,55,blue
147,401,05/02/2021,66178,blue
148,400,28/03/2022,73,blue
149,405,06/02/2021,470,blue
150,402,20/11/2020,2460,blue
151,2,13/12/2021,47,blue
152,404,23/03/2022,54,blue
153,403,12/07/2021,295,blue
154,3,09/09/2020,59,blue
155,1,26/08/2021,50,blue
156,401,27/01/2021,102430,blue
157,400,14/03/2022,53,blue
158,405,21/02/2022,462,blue
159,402,07/04/2022,1661,blue
160,2,30/01/2022,52,blue
161,404,18/07/2020,52,blue
162,403,05/12/2020,2746,blue
163,3,21/07/2021,54,blue
164,1,12/03/2022,50,blue
165,401,05/09/2021,70314,blue
166,400,13/08/2021,121,blue
167,405,31/10/2020,499,blue
168,402,28/07/2020,3010,blue
169,2,15/04/2021,47,blue
170,404,28/02/2021,40,blue
171,403,27/02/2022,3950,blue
172,3,03/02/2021,57,blue
173,1,28/08/2020,59,blue
174,401,25/02/2021,2874,blue
175,400,23/04/2021,95,blue
176,405,14/02/2021,481,blue
177,402,30/08/2020,3280,blue
178,2,04/10/2020,57,blue
179,404,22/09/2021,41,blue
180,403,28/11/2021,2957,blue
181,3,04/09/2020,60,blue
182,1,04/10/2020,50,blue
183,401,10/09/2020,70039,blue
184,400,21/07/2020,43,blue
185,405,03/02/2021,456,blue
186,402,02/06/2021,1472,blue
187,2,01/05/2020,52,blue
188,404,08/01/2022,45,blue
189,403,07/10/2020,746,blue
190,3,01/12/2020,60,blue
191,1,28/12/2021,50,blue
192,401,05/08/2021,1045,blue
193,400,24/09/2021,66,blue
194,405,08/02/2021,486,blue
195,402,29/01/2022,729,blue
196,2,28/06/2020,48,blue
197,404,22/12/2020,52,blue
198,403,09/09/2021,3176,blue
199,3,09/12/2021,52,blue
200,1,21/09/2021,53,blue
201,401,10/05/2021,58118,blue
202,400,03/12/2021,55,blue
203,405,14/12/2020,496,blue
204,402,11/11/2021,1900,blue
205,2,19/05/2020,55,blue
206,404,12/03/2021,42,blue
207,403,21/10/2021,187,blue
208,3,16/05/2020,53,blue
209,1,29/04/2021,59,blue
210,401,18/10/2020,18897,blue
211,400,06/12/2021,61,blue
212,405,24/11/2020,469,blue
213,402,30/04/2021,620,blue
214,2,27/03/2021,47,blue
215,404,16/05/2020,50,blue
216,403,24/08/2021,4985,blue
217,3,12/12/2021,61,blue
218,1,21/04/2021,55,blue
219,401,10/11/2020,22138,blue
220,400,02/05/2021,118,blue
221,405,01/04/2022,488,blue
222,402,08/11/2020,725,blue
223,2,05/12/2021,46,blue
224,404,23/04/2021,45,blue
225,403,09/06/2020,742,blue
226,3,17/05/2020,61,blue
227,1,22/06/2020,56,blue
228,401,04/05/2021,60892,blue
229,400,25/07/2021,74,blue
230,405,14/04/2022,493,blue
231,402,30/09/2021,3852,blue
232,2,26/12/2021,54,blue
233,404,06/11/2020,44,blue
234,403,20/04/2022,3189,blue
235,3,19/06/2021,54,blue
236,1,13/05/2021,54,blue
237,401,01/09/2021,53386,blue
238,400,09/02/2022,60,blue
239,405,08/04/2021,457,blue
240,402,03/01/2022,204,blue
241,2,23/02/2021,56,blue
242,404,21/08/2021,47,blue
243,403,19/03/2022,1780,blue
244,3,28/05/2021,59,blue
245,1,13/04/2022,52,blue
246,401,12/07/2021,7596,blue
247,400,28/08/2020,81,blue
248,405,07/08/2021,473,blue
249,402,24/10/2021,2188,blue
250,2,11/01/2021,51,blue
251,404,23/05/2021,47,blue
252,403,22/02/2022,5600,blue
253,3,14/03/2021,53,blue
254,1,13/02/2021,50,blue
255,401,08/04/2021,12632,blue
256,400,02/12/2020,49,blue
257,405,28/11/2020,480,blue
258,402,22/01/2022,135,blue
259,2,03/09/2020,52,blue
260,404,15/03/2022,44,blue
261,403,10/01/2021,2453,blue
262,3,13/10/2020,61,blue
263,1,11/08/2020,57,blue
264,401,24/12/2020,30375,blue
265,400,22/11/2021,115,blue
266,405,25/10/2020,460,blue
267,402,17/02/2022,4057,blue
268,2,21/08/2021,45,blue
269,404,15/11/2020,48,blue
270,403,17/07/2021,440,blue
271,3,29/03/2022,56,blue
272,1,09/06/2021,51,blue
273,401,04/03/2021,28488,blue
274,400,01/04/2021,137,blue
275,405,07/12/2020,484,blue
276,402,12/09/2021,1606,blue
277,2,11/10/2021,55,blue
278,404,24/11/2020,40,blue
279,403,08/01/2021,1251,blue
280,3,18/11/2021,54,blue
281,1,01/11/2020,57,blue
282,401,10/08/2020,63570,blue
283,400,20/02/2022,159,blue
284,405,01/03/2022,487,blue
285,402,21/09/2020,4115,blue
286,2,24/03/2021,46,blue
287,404,24/06/2020,50,blue
288,403,01/03/2021,5796,blue
289,3,21/11/2021,56,blue
290,1,02/01/2022,53,blue
291,400,03/02/2022,118,blue
292,405,15/03/2022,457,blue
293,401,20/10/2021,62699,blue
294,402,01/04/2021,5842,blue
295,2,10/03/2022,56,blue
296,404,24/02/2021,50,blue
297,403,12/06/2020,1069,blue
298,3,31/08/2020,57,blue
299,1,24/02/2021,55,blue
300,400,04/11/2020,140,blue
1,405,24/09/2021,485,blue
2,1,14/03/2022,50,blue
3,2,29/11/2020,52,blue
4,3,17/04/2022,53,blue
5,400,13/04/2021,144,blue
6,401,20/05/2020,11184,blue
7,402,09/09/2020,5186,blue
8,404,17/12/2021,47,blue
9,403,18/12/2020,4165,blue
10,405,06/06/2020,474,blue
11,2,03/03/2022,54,blue
12,1,27/02/2021,51,blue
13,401,28/06/2021,10947,blue
14,3,30/10/2020,55,blue
15,400,13/08/2021,153,blue
16,402,23/05/2020,1897,blue
17,404,18/02/2021,48,blue
18,403,19/01/2022,2857,blue
19,405,30/03/2021,499,blue
20,2,19/11/2020,46,blue
21,1,16/09/2021,56,blue
22,401,28/02/2021,66550,blue
23,3,15/07/2021,53,blue
24,400,02/06/2020,58,blue
25,402,28/01/2021,5055,blue
26,404,07/09/2021,54,blue
27,403,23/07/2021,3466,blue
28,405,22/11/2021,474,blue
29,2,02/01/2021,47,blue
30,1,06/04/2022,58,blue
31,401,08/03/2022,11490,blue
32,3,22/11/2020,61,blue
33,400,28/05/2020,143,blue
34,402,28/05/2021,3673,blue
35,404,10/01/2022,46,blue
36,403,27/09/2020,519,blue
37,405,08/12/2021,459,blue
38,2,14/07/2021,51,blue
39,401,20/09/2021,7876,blue
40,3,29/04/2022,59,blue
41,400,22/03/2022,137,blue
42,402,18/10/2021,2909,blue
43,1,12/04/2022,54,blue
44,404,14/07/2020,40,blue
45,403,09/01/2022,1688,blue
46,405,27/07/2020,461,blue
47,2,30/04/2020,52,blue
48,401,08/05/2020,104684,blue
49,3,19/04/2021,52,blue
50,400,07/02/2021,33,blue
51,402,23/07/2021,4995,blue
52,1,23/03/2021,50,blue
53,404,04/04/2022,47,blue
54,403,17/04/2021,2087,blue
55,405,04/03/2021,486,blue
56,2,22/01/2021,48,blue
57,401,22/07/2020,50382,blue
58,3,27/07/2020,60,blue
59,400,22/04/2021,64,blue
60,1,01/08/2020,56,blue
61,402,23/08/2020,471,blue
62,404,28/06/2021,44,blue
63,403,20/12/2020,1442,blue
64,405,20/02/2021,476,blue
65,2,20/10/2020,46,blue
66,401,12/06/2021,14299,blue
67,3,03/12/2020,54,blue
68,400,28/10/2020,133,blue
69,1,27/12/2021,56,blue
70,402,28/12/2020,110,blue
71,403,01/01/2021,3229,blue
72,404,07/11/2020,48,blue
73,405,07/08/2021,457,blue
74,2,14/09/2020,57,blue
75,401,07/02/2021,98125,blue
76,3,08/04/2021,56,blue
77,1,09/03/2021,53,blue
78,400,18/02/2021,39,blue
79,402,04/06/2020,3696,blue
80,403,30/05/2021,3659,blue
81,404,15/03/2021,51,blue
82,405,01/03/2021,491,blue
83,2,24/03/2022,51,blue
84,401,21/12/2021,34692,blue
85,1,03/06/2021,55,blue
86,3,30/06/2021,58,blue
87,400,01/04/2022,85,blue
88,402,11/10/2021,776,blue
89,403,26/06/2021,5269,blue
90,404,09/01/2022,44,blue
91,405,09/02/2021,490,blue
92,2,27/06/2020,55,blue
93,401,16/12/2020,77830,blue
94,1,09/07/2020,52,blue
95,3,23/01/2022,55,blue
96,400,14/07/2021,57,blue
97,402,01/05/2021,5349,blue
98,403,18/11/2020,3426,blue
99,404,29/04/2022,48,blue
100,405,15/09/2020,478,blue
101,2,06/09/2021,47,blue
102,401,04/06/2021,20299,blue
103,1,27/07/2021,55,blue
104,3,27/09/2021,61,blue
105,400,26/02/2022,117,blue
106,402,05/02/2021,5759,blue
107,403,23/06/2020,3036,blue
108,404,11/03/2021,49,blue
109,405,29/05/2020,468,blue
110,2,22/01/2022,45,blue
111,401,16/04/2022,92902,blue
112,1,27/04/2021,54,blue
113,3,12/06/2020,56,blue
114,400,30/03/2021,66,blue
115,402,08/12/2020,2814,blue
116,403,28/11/2020,4329,blue
117,404,05/06/2021,45,blue
118,405,10/12/2021,483,blue
119,2,25/07/2021,46,blue
120,401,13/05/2020,91858,blue
121,1,15/01/2022,55,blue
122,3,11/11/2020,54,blue
123,400,27/08/2021,76,blue
124,402,10/04/2022,4919,blue
125,403,06/09/2021,998,blue
126,404,27/09/2021,53,blue
127,405,14/09/2021,471,blue
128,2,09/05/2020,49,blue
129,401,18/08/2021,65356,blue
130,1,18/08/2020,52,blue
131,3,12/07/2021,61,blue
132,400,06/08/2020,60,blue
133,402,26/10/2021,3116,blue
134,403,18/03/2021,2678,blue
135,404,20/10/2021,42,blue
136,405,05/07/2021,475,blue
137,2,02/01/2021,50,blue
138,401,15/10/2021,5155,blue
139,1,07/10/2021,56,blue
140,3,30/11/2021,55,blue
141,400,01/02/2022,144,blue
142,402,25/05/2020,424,blue
143,403,27/08/2021,2364,blue
144,404,04/03/2021,54,blue
145,405,01/06/2020,494,blue
146,2,10/09/2020,45,blue
147,401,05/02/2021,54850,blue
148,1,28/03/2022,59,blue
149,3,06/02/2021,59,blue
150,400,20/11/2020,73,blue
151,402,13/12/2021,253,blue
152,403,23/03/2022,2247,blue
153,404,12/07/2021,48,blue
154,405,09/09/2020,485,blue
155,2,26/08/2021,51,blue
156,401,27/01/2021,68484,blue
157,1,14/03/2022,56,blue
158,3,21/02/2022,56,blue
159,400,07/04/2022,134,blue
160,402,30/01/2022,967,blue
161,403,18/07/2020,5993,blue
162,404,05/12/2020,43,blue
163,405,21/07/2021,478,blue
164,2,12/03/2022,45,blue
165,401,05/09/2021,90155,blue
166,1,13/08/2021,51,blue
167,3,31/10/2020,61,blue
168,400,28/07/2020,144,blue
169,402,15/04/2021,4586,blue
170,403,28/02/2021,1914,blue
171,404,27/02/2022,46,blue
172,405,03/02/2021,460,blue
173,2,28/08/2020,56,blue
174,401,25/02/2021,95689,blue
175,1,23/04/2021,59,blue
176,3,14/02/2021,57,blue
177,400,30/08/2020,78,blue
178,402,04/10/2020,5082,blue
179,403,22/09/2021,732,blue
180,404,28/11/2021,41,blue
181,405,04/09/2020,473,blue
182,2,04/10/2020,46,blue
183,401,10/09/2020,82961,blue
184,1,21/07/2020,50,blue
185,3,03/02/2021,56,blue
186,400,02/06/2021,80,blue
187,402,01/05/2020,3548,blue
188,403,08/01/2022,153,blue
189,404,07/10/2020,48,blue
190,405,01/12/2020,470,blue
191,2,28/12/2021,47,blue
192,401,05/08/2021,72602,blue
193,1,24/09/2021,53,blue
194,3,08/02/2021,59,blue
195,400,29/01/2022,67,blue
196,402,28/06/2020,2179,blue
197,403,22/12/2020,2889,blue
198,404,09/09/2021,41,blue
199,405,09/12/2021,493,blue
200,2,21/09/2021,53,blue
201,401,10/05/2021,4282,blue
202,1,03/12/2021,57,blue
203,3,14/12/2020,55,blue
204,400,11/11/2021,81,blue
205,402,19/05/2020,5731,blue
206,403,12/03/2021,5249,blue
207,404,21/10/2021,53,blue
208,405,16/05/2020,460,blue
209,2,29/04/2021,50,blue
210,401,18/10/2020,21614,blue
211,1,06/12/2021,58,blue
212,3,24/11/2020,56,blue
213,402,30/04/2021,959,blue
214,400,27/03/2021,95,blue
215,403,16/05/2020,2485,blue
216,404,24/08/2021,51,blue
217,405,12/12/2021,461,blue
218,2,21/04/2021,56,blue
219,401,10/11/2020,77680,blue
220,1,02/05/2021,56,blue
221,3,01/04/2022,60,blue
222,403,08/11/2020,1435,blue
223,400,05/12/2021,64,blue
224,402,23/04/2021,1321,blue
225,404,09/06/2020,41,blue
226,405,17/05/2020,484,blue
227,2,22/06/2020,45,blue
228,401,04/05/2021,101103,blue
229,1,25/07/2021,54,blue
230,3,14/04/2022,58,blue
231,403,30/09/2021,3653,blue
232,400,26/12/2021,74,blue
233,402,06/11/2020,4311,blue
234,404,20/04/2022,42,blue
235,405,19/06/2021,497,blue
236,2,13/05/2021,47,blue
237,401,01/09/2021,71739,blue
238,1,09/02/2022,59,blue
239,3,08/04/2021,55,blue
240,403,03/01/2022,4372,blue
241,400,23/02/2021,105,blue
242,402,21/08/2021,3800,blue
243,404,19/03/2022,50,blue
244,405,28/05/2021,468,blue
245,2,13/04/2022,52,blue
246,401,12/07/2021,51595,blue
247,1,28/08/2020,58,blue
248,3,07/08/2021,54,blue
249,403,24/10/2021,5504,blue
250,400,11/01/2021,35,blue
251,402,23/05/2021,4877,blue
252,404,22/02/2022,47,blue
253,405,14/03/2021,475,blue
254,2,13/02/2021,50,blue
255,401,08/04/2021,72673,blue
256,1,02/12/2020,57,blue
257,3,28/11/2020,57,blue
258,403,22/01/2022,1862,blue
259,400,03/09/2020,90,blue
260,402,15/03/2022,373,blue
261,404,10/01/2021,47,blue
262,405,13/10/2020,471,blue
263,2,11/08/2020,50,blue
264,401,24/12/2020,103653,blue
265,1,22/11/2021,56,blue
266,3,25/10/2020,57,blue
267,403,17/02/2022,1700,blue
268,400,21/08/2021,42,blue
269,402,15/11/2020,3213,blue
270,404,17/07/2021,45,blue
271,405,29/03/2022,458,blue
272,2,09/06/2021,46,blue
273,401,04/03/2021,2531,blue
274,1,01/04/2021,55,blue
275,3,07/12/2020,57,blue
276,403,12/09/2021,5600,blue
277,400,11/10/2021,57,blue
278,402,24/11/2020,1305,blue
279,404,08/01/2021,50,blue
280,405,18/11/2021,492,blue
281,2,01/11/2020,52,blue
282,401,10/08/2020,83773,blue
283,1,20/02/2022,59,blue
284,3,01/03/2022,60,blue
285,403,21/09/2020,982,blue
286,400,24/03/2021,154,blue
287,402,24/06/2020,469,blue
288,404,01/03/2021,43,blue
289,405,21/11/2021,465,blue
290,2,02/01/2022,47,blue
291,401,03/02/2022,21657,blue
292,1,15/03/2022,50,blue
293,3,20/10/2021,54,blue
294,400,01/04/2021,105,blue
295,402,10/03/2022,3757,blue
296,403,24/02/2021,5222,blue
297,404,12/06/2020,45,blue
298,405,31/08/2020,470,blue
299,2,24/02/2021,45,blue
300,401,04/11/2020,102111,blue
1,400,24/09/2021,141,blue
2,3,14/03/2022,58,blue
3,1,29/11/2020,57,blue
4,403,17/04/2022,2483,blue
5,405,13/04/2021,478,blue
6,401,20/05/2020,58626,blue
7,402,09/09/2020,345,blue
8,404,17/12/2021,54,blue
9,2,18/12/2020,53,blue
10,400,06/06/2020,129,blue
11,3,03/03/2022,57,blue
12,1,27/02/2021,56,blue
13,401,28/06/2021,48281,blue
14,403,30/10/2020,2280,blue
15,405,13/08/2021,485,blue
16,402,23/05/2020,1577,blue
17,2,18/02/2021,50,blue
18,404,19/01/2022,44,blue
19,400,30/03/2021,129,blue
20,3,19/11/2020,55,blue
21,1,16/09/2021,50,blue
22,403,28/02/2021,1773,blue
23,401,15/07/2021,35896,blue
24,405,02/06/2020,463,blue
25,402,28/01/2021,3315,blue
26,2,07/09/2021,52,blue
27,404,23/07/2021,44,blue
28,400,22/11/2021,103,blue
29,3,02/01/2021,53,blue
30,1,06/04/2022,55,blue
31,403,08/03/2022,4469,blue
32,401,22/11/2020,46217,blue
33,405,28/05/2020,458,blue
34,402,28/05/2021,2081,blue
35,2,10/01/2022,45,blue
36,404,27/09/2020,54,blue
37,400,08/12/2021,66,blue
38,3,14/07/2021,60,blue
39,1,20/09/2021,57,blue
40,403,29/04/2022,1018,blue
41,401,22/03/2022,55720,blue
42,405,18/10/2021,494,blue
43,402,12/04/2022,441,blue
44,2,14/07/2020,56,blue
45,404,09/01/2022,40,blue
46,400,27/07/2020,86,blue
47,3,30/04/2020,55,blue
48,1,08/05/2020,52,blue
49,403,19/04/2021,1806,blue
50,401,07/02/2021,27585,blue
51,405,23/07/2021,489,blue
52,402,23/03/2021,3334,blue
53,2,04/04/2022,50,blue
54,404,17/04/2021,53,blue
55,400,04/03/2021,157,blue
56,3,22/01/2021,53,blue
57,1,22/07/2020,53,blue
58,403,27/07/2020,661,blue
59,401,22/04/2021,74458,blue
60,405,01/08/2020,456,blue
61,402,23/08/2020,5803,blue
62,2,28/06/2021,49,blue
63,404,20/12/2020,48,blue
64,400,20/02/2021,134,blue
65,3,20/10/2020,61,blue
66,1,12/06/2021,59,blue
67,403,03/12/2020,2860,blue
68,401,28/10/2020,81365,blue
69,405,27/12/2021,466,blue
70,402,28/12/2020,621,blue
71,2,01/01/2021,51,blue
72,404,07/11/2020,41,blue
73,400,07/08/2021,136,blue
74,3,14/09/2020,53,blue
75,403,07/02/2021,3021,blue
76,1,08/04/2021,52,blue
77,401,09/03/2021,26996,blue
78,405,18/02/2021,483,blue
79,402,04/06/2020,4305,blue
80,2,30/05/2021,52,blue
81,404,15/03/2021,50,blue
82,400,01/03/2021,59,blue
83,3,24/03/2022,57,blue
84,403,21/12/2021,746,blue
85,1,03/06/2021,58,blue
86,401,30/06/2021,98865,blue
87,405,01/04/2022,475,blue
88,402,11/10/2021,3347,blue
89,2,26/06/2021,56,blue
90,404,09/01/2022,41,blue
91,400,09/02/2021,37,blue
92,3,27/06/2020,53,blue
93,403,16/12/2020,2771,blue
94,1,09/07/2020,54,blue
95,401,23/01/2022,55399,blue
96,402,14/07/2021,2506,blue
97,405,01/05/2021,482,blue
98,2,18/11/2020,53,blue
99,404,29/04/2022,42,blue
100,400,15/09/2020,74,blue
101,3,06/09/2021,55,blue
102,403,04/06/2021,5419,blue
103,1,27/07/2021,57,blue
104,401,27/09/2021,71781,blue
105,402,26/02/2022,782,blue
106,405,05/02/2021,491,blue
107,2,23/06/2020,47,blue
108,404,11/03/2021,50,blue
109,400,29/05/2020,126,blue
110,3,22/01/2022,58,blue
111,403,16/04/2022,2565,blue
112,1,27/04/2021,57,blue
113,401,12/06/2020,60115,blue
114,402,30/03/2021,5772,blue
115,405,08/12/2020,455,blue
116,2,28/11/2020,51,blue
117,404,05/06/2021,44,blue
118,400,10/12/2021,153,blue
119,3,25/07/2021,58,blue
120,403,13/05/2020,975,blue
121,1,15/01/2022,56,blue
122,401,11/11/2020,101988,blue
123,402,27/08/2021,5191,blue
124,405,10/04/2022,474,blue
125,2,06/09/2021,57,blue
126,404,27/09/2021,43,blue
127,400,14/09/2021,98,blue
128,3,09/05/2020,53,blue
129,403,18/08/2021,2161,blue
130,1,18/08/2020,59,blue
131,401,12/07/2021,65728,blue
132,402,06/08/2020,271,blue
133,405,26/10/2021,457,blue
134,2,18/03/2021,52,blue
135,404,20/10/2021,42,blue
136,400,05/07/2021,108,blue
137,3,02/01/2021,54,blue
138,403,15/10/2021,5780,blue
139,1,07/10/2021,54,blue
140,401,30/11/2021,66977,blue
141,405,01/02/2022,494,blue
142,402,25/05/2020,1991,blue
143,404,27/08/2021,40,blue
144,2,04/03/2021,45,blue
145,400,01/06/2020,54,blue
146,3,10/09/2020,55,blue
147,403,05/02/2021,872,blue
148,1,28/03/2022,55,blue
149,401,06/02/2021,93860,blue
150,405,20/11/2020,473,blue
151,402,13/12/2021,4480,blue
152,404,23/03/2022,48,blue
153,2,12/07/2021,51,blue
154,400,09/09/2020,154,blue
155,3,26/08/2021,52,blue
156,403,27/01/2021,779,blue
157,1,14/03/2022,51,blue
158,401,21/02/2022,34784,blue
159,405,07/04/2022,490,blue
160,402,30/01/2022,1229,blue
161,404,18/07/2020,41,blue
162,2,05/12/2020,55,blue
163,400,21/07/2021,74,blue
164,3,12/03/2022,55,blue
165,403,05/09/2021,5487,blue
166,1,13/08/2021,51,blue
167,401,31/10/2020,69861,blue
168,405,28/07/2020,493,blue
169,402,15/04/2021,3807,blue
170,404,28/02/2021,52,blue
171,2,27/02/2022,45,blue
172,400,03/02/2021,99,blue
173,3,28/08/2020,54,blue
174,403,25/02/2021,1255,blue
175,1,23/04/2021,55,blue
176,401,14/02/2021,28721,blue
177,405,30/08/2020,477,blue
178,402,04/10/2020,609,blue
179,404,22/09/2021,47,blue
180,2,28/11/2021,57,blue
181,400,04/09/2020,125,blue
182,3,04/10/2020,57,blue
183,403,10/09/2020,5139,blue
184,1,21/07/2020,57,blue
185,401,03/02/2021,95707,blue
186,405,02/06/2021,499,blue
187,402,01/05/2020,4241,blue
188,404,08/01/2022,45,blue
189,2,07/10/2020,52,blue
190,400,01/12/2020,131,blue
191,3,28/12/2021,55,blue
192,403,05/08/2021,1456,blue
193,1,24/09/2021,53,blue
194,401,08/02/2021,64164,blue
195,405,29/01/2022,469,blue
196,402,28/06/2020,2127,blue
197,404,22/12/2020,43,blue
198,2,09/09/2021,57,blue
199,400,09/12/2021,130,blue
200,3,21/09/2021,55,blue
201,403,10/05/2021,3967,blue
202,1,03/12/2021,53,blue
203,401,14/12/2020,53938,blue
204,405,11/11/2021,493,blue
205,402,19/05/2020,1273,blue
206,404,12/03/2021,51,blue
207,2,21/10/2021,47,blue
208,400,16/05/2020,83,blue
209,3,29/04/2021,55,blue
210,403,18/10/2020,5074,blue
211,1,06/12/2021,52,blue
212,401,24/11/2020,14807,blue
213,405,30/04/2021,492,blue
214,402,27/03/2021,3766,blue
215,404,16/05/2020,50,blue
216,2,24/08/2021,46,blue
217,400,12/12/2021,103,blue
218,3,21/04/2021,58,blue
219,403,10/11/2020,990,blue
220,1,02/05/2021,55,blue
221,401,01/04/2022,14828,blue
222,405,08/11/2020,484,blue
223,402,05/12/2021,4163,blue
224,404,23/04/2021,41,blue
225,2,09/06/2020,47,blue
226,400,17/05/2020,50,blue
227,3,22/06/2020,57,blue
228,1,04/05/2021,50,blue
229,405,25/07/2021,464,blue
230,403,14/04/2022,5807,blue
231,402,30/09/2021,794,blue
232,401,26/12/2021,26277,blue
233,404,06/11/2020,41,blue
234,2,20/04/2022,49,blue
235,400,19/06/2021,128,blue
236,3,13/05/2021,61,blue
237,1,01/09/2021,58,blue
238,405,09/02/2022,474,blue
239,403,08/04/2021,507,blue
240,402,03/01/2022,4822,blue
241,401,23/02/2021,86919,blue
242,404,21/08/2021,43,blue
243,2,19/03/2022,50,blue
244,400,28/05/2021,132,blue
245,3,13/04/2022,53,blue
246,1,12/07/2021,52,blue
247,405,28/08/2020,492,blue
248,403,07/08/2021,5837,blue
249,402,24/10/2021,597,blue
250,401,11/01/2021,13143,blue
251,404,23/05/2021,48,blue
252,2,22/02/2022,47,blue
253,400,14/03/2021,143,blue
254,3,13/02/2021,57,blue
255,1,08/04/2021,57,blue
256,405,02/12/2020,462,blue
257,403,28/11/2020,3238,blue
258,402,22/01/2022,475,blue
259,401,03/09/2020,101442,blue
260,404,15/03/2022,40,blue
261,2,10/01/2021,50,blue
262,400,13/10/2020,147,blue
263,3,11/08/2020,54,blue
264,405,24/12/2020,485,blue
265,1,22/11/2021,59,blue
266,403,25/10/2020,628,blue
267,401,17/02/2022,81926,blue
268,402,21/08/2021,80,blue
269,404,15/11/2020,44,blue
270,2,17/07/2021,46,blue
271,400,29/03/2022,36,blue
272,3,09/06/2021,56,blue
273,405,04/03/2021,477,blue
274,1,01/04/2021,55,blue
275,403,07/12/2020,3388,blue
276,401,12/09/2021,26840,blue
277,402,11/10/2021,350,blue
278,404,24/11/2020,42,blue
279,2,08/01/2021,46,blue
280,400,18/11/2021,114,blue
281,3,01/11/2020,59,blue
282,405,10/08/2020,482,blue
283,1,20/02/2022,54,blue
284,403,01/03/2022,5627,blue
285,401,21/09/2020,66071,blue
286,402,24/03/2021,5164,blue
287,404,24/06/2020,42,blue
288,2,01/03/2021,52,blue
289,400,21/11/2021,113,blue
290,3,02/01/2022,52,blue
291,405,03/02/2022,476,blue
292,1,15/03/2022,56,blue
293,403,20/10/2021,4917,blue
294,402,01/04/2021,97,blue
295,401,10/03/2022,83267,blue
296,404,24/02/2021,47,blue
297,2,12/06/2020,50,blue
298,400,31/08/2020,141,blue
299,3,24/02/2021,57,blue
300,405,04/11/2020,485,blue
1,1,24/09/2021,50,blue
2,2,14/03/2022,50,blue
3,3,29/11/2020,56,blue
4,400,17/04/2022,117,blue
5,401,13/04/2021,37985,blue
6,402,20/05/2020,2031,blue
7,403,09/09/2020,4938,blue
8,404,17/12/2021,53,blue
9,405,18/12/2020,497,blue
10,1,06/06/2020,54,blue
11,2,03/03/2022,47,blue
12,3,27/02/2021,53,blue
13,400,28/06/2021,140,blue
14,401,30/10/2020,56228,blue
15,402,13/08/2021,444,blue
16,403,23/05/2020,5373,blue
17,404,18/02/2021,42,blue
18,405,19/01/2022,461,blue
19,1,30/03/2021,52,blue
20,2,19/11/2020,56,blue
21,3,16/09/2021,61,blue
22,400,28/02/2021,50,blue
23,401,15/07/2021,91565,blue
24,402,02/06/2020,4994,blue
25,403,28/01/2021,849,blue
26,404,07/09/2021,46,blue
27,405,23/07/2021,498,blue
28,1,22/11/2021,59,blue
29,2,02/01/2021,52,blue
30,3,06/04/2022,55,blue
31,400,08/03/2022,125,blue
32,401,22/11/2020,56870,blue
33,402,28/05/2020,2770,blue
34,403,28/05/2021,4024,blue
35,404,10/01/2022,53,blue
36,405,27/09/2020,457,blue
37,1,08/12/2021,51,blue
38,2,14/07/2021,45,blue
39,3,20/09/2021,58,blue
40,400,29/04/2022,156,blue
41,401,22/03/2022,67175,blue
42,402,18/10/2021,4939,blue
43,403,12/04/2022,2472,blue
44,404,14/07/2020,47,blue
45,405,09/01/2022,459,blue
46,1,27/07/2020,59,blue
47,2,30/04/2020,57,blue
48,3,08/05/2020,57,blue
49,400,19/04/2021,45,blue
50,401,07/02/2021,102834,blue
51,402,23/07/2021,3276,blue
52,403,23/03/2021,4874,blue
53,404,04/04/2022,41,blue
54,405,17/04/2021,476,blue
55,1,04/03/2021,50,blue
56,2,22/01/2021,49,blue
57,3,22/07/2020,54,blue
58,400,27/07/2020,154,blue
59,401,22/04/2021,89871,blue
60,402,01/08/2020,1842,blue
61,403,23/08/2020,2283,blue
62,404,28/06/2021,53,blue
63,405,20/12/2020,488,blue
64,1,20/02/2021,56,blue
65,2,20/10/2020,57,blue
66,3,12/06/2021,57,blue
67,400,03/12/2020,123,blue
68,401,28/10/2020,78198,blue
69,402,27/12/2021,2467,blue
70,403,28/12/2020,5834,blue
71,404,01/01/2021,42,blue
72,405,07/11/2020,468,blue
73,1,07/08/2021,55,blue
74,2,14/09/2020,57,blue
75,3,07/02/2021,61,blue
76,400,08/04/2021,88,blue
77,401,09/03/2021,98568,blue
78,402,18/02/2021,5053,blue
79,403,04/06/2020,3586,blue
80,404,30/05/2021,52,blue
81,405,15/03/2021,495,blue
82,1,01/03/2021,52,blue
83,2,24/03/2022,49,blue
84,3,21/12/2021,61,blue
85,400,03/06/2021,153,blue
86,401,30/06/2021,91622,blue
87,402,01/04/2022,2605,blue
88,403,11/10/2021,2658,blue
89,404,26/06/2021,49,blue
90,405,09/01/2022,483,blue
91,1,09/02/2021,50,blue
92,2,27/06/2020,50,blue
93,3,16/12/2020,53,blue
94,400,09/07/2020,116,blue
95,401,23/01/2022,9222,blue
96,402,14/07/2021,4815,blue
97,403,01/05/2021,2294,blue
98,404,18/11/2020,45,blue
99,405,29/04/2022,490,blue
100,1,15/09/2020,53,blue
101,2,06/09/2021,45,blue
102,3,04/06/2021,55,blue
103,400,27/07/2021,47,blue
104,401,27/09/2021,5066,blue
105,402,26/02/2022,238,blue
106,403,05/02/2021,2586,blue
107,404,23/06/2020,41,blue
108,405,11/03/2021,485,blue
109,1,29/05/2020,59,blue
110,2,22/01/2022,57,blue
111,3,16/04/2022,59,blue
112,400,27/04/2021,129,blue
113,401,12/06/2020,18692,blue
114,402,30/03/2021,1552,blue
115,403,08/12/2020,1285,blue
116,404,28/11/2020,46,blue
117,405,05/06/2021,466,blue
118,1,10/12/2021,51,blue
119,2,25/07/2021,45,blue
120,3,13/05/2020,56,blue
121,400,15/01/2022,70,blue
122,401,11/11/2020,80588,blue
123,402,27/08/2021,625,blue
124,403,10/04/2022,4774,blue
125,404,06/09/2021,45,blue
126,405,27/09/2021,458,blue
127,1,14/09/2021,50,blue
128,2,09/05/2020,51,blue
129,3,18/08/2021,59,blue
130,400,18/08/2020,151,blue
131,401,12/07/2021,99969,blue
132,402,06/08/2020,3590,blue
133,403,26/10/2021,3852,blue
134,404,18/03/2021,50,blue
135,405,20/10/2021,463,blue
136,1,05/07/2021,56,blue
137,2,02/01/2021,51,blue
138,3,15/10/2021,55,blue
139,400,07/10/2021,85,blue
140,401,30/11/2021,55723,blue
141,402,01/02/2022,4654,blue
142,403,25/05/2020,3296,blue
143,404,27/08/2021,46,blue
144,405,04/03/2021,499,blue
145,1,01/06/2020,50,blue
146,2,10/09/2020,56,blue
147,3,05/02/2021,55,blue
148,400,28/03/2022,129,blue
149,401,06/02/2021,72013,blue
150,402,20/11/2020,919,blue
151,403,13/12/2021,3363,blue
152,404,23/03/2022,42,blue
153,405,12/07/2021,467,blue
154,1,09/09/2020,52,blue
155,2,26/08/2021,53,blue
156,3,27/01/2021,57,blue
157,400,14/03/2022,140,blue
158,401,21/02/2022,102771,blue
159,402,07/04/2022,1090,blue
160,403,30/01/2022,2034,blue
161,404,18/07/2020,48,blue
162,405,05/12/2020,496,blue
163,1,21/07/2021,50,blue
164,2,12/03/2022,48,blue
165,3,05/09/2021,57,blue
166,400,13/08/2021,100,blue
167,401,31/10/2020,44642,blue
168,402,28/07/2020,5603,blue
169,403,15/04/2021,4072,blue
170,404,28/02/2021,40,blue
171,405,27/02/2022,470,blue
172,1,03/02/2021,55,blue
173,2,28/08/2020,50,blue
174,3,25/02/2021,54,blue
175,400,23/04/2021,124,blue
176,401,14/02/2021,101424,blue
177,402,30/08/2020,2697,blue
178,403,04/10/2020,81,blue
179,404,22/09/2021,46,blue
180,405,28/11/2021,461,blue
181,1,04/09/2020,58,blue
182,2,04/10/2020,48,blue
183,3,10/09/2020,52,blue
184,400,21/07/2020,93,blue
185,401,03/02/2021,7252,blue
186,402,02/06/2021,2231,blue
187,403,01/05/2020,568,blue
188,404,08/01/2022,53,blue
189,405,07/10/2020,493,blue
190,1,01/12/2020,57,blue
191,2,28/12/2021,51,blue
192,3,05/08/2021,56,blue
193,400,24/09/2021,40,blue
194,401,08/02/2021,5458,blue
195,402,29/01/2022,5780,blue
196,403,28/06/2020,908,blue
197,404,22/12/2020,54,blue
198,405,09/09/2021,499,blue
199,1,09/12/2021,55,blue
200,2,21/09/2021,45,blue
201,3,10/05/2021,52,blue
202,401,03/12/2021,27661,blue
203,400,14/12/2020,127,blue
204,402,11/11/2021,5110,blue
205,403,19/05/2020,3171,blue
206,404,12/03/2021,54,blue
207,405,21/10/2021,496,blue
208,1,16/05/2020,57,blue
209,2,29/04/2021,52,blue
210,3,18/10/2020,55,blue
211,401,06/12/2021,3416,blue
212,400,24/11/2020,141,blue
213,402,30/04/2021,5257,blue
214,403,27/03/2021,1290,blue
215,404,16/05/2020,41,blue
216,405,24/08/2021,456,blue
217,1,12/12/2021,55,blue
218,2,21/04/2021,56,blue
219,3,10/11/2020,58,blue
220,401,02/05/2021,87689,blue
221,400,01/04/2022,42,blue
222,402,08/11/2020,5335,blue
223,403,05/12/2021,5616,blue
224,404,23/04/2021,42,blue
225,405,09/06/2020,474,blue
226,1,17/05/2020,57,blue
227,2,22/06/2020,54,blue
228,3,04/05/2021,55,blue
229,401,25/07/2021,31924,blue
230,400,14/04/2022,128,blue
231,402,30/09/2021,3643,blue
232,403,26/12/2021,4368,blue
233,404,06/11/2020,41,blue
234,405,20/04/2022,483,blue
235,1,19/06/2021,50,blue
236,2,13/05/2021,54,blue
237,3,01/09/2021,54,blue
238,401,09/02/2022,23452,blue
239,400,08/04/2021,136,blue
240,402,03/01/2022,4375,blue
241,403,23/02/2021,4403,blue
242,404,21/08/2021,45,blue
243,405,19/03/2022,472,blue
244,1,28/05/2021,51,blue
245,2,13/04/2022,53,blue
246,3,12/07/2021,56,blue
247,401,28/08/2020,72471,blue
248,400,07/08/2021,95,blue
249,402,24/10/2021,4126,blue
250,403,11/01/2021,2770,blue
251,404,23/05/2021,47,blue
252,405,22/02/2022,491,blue
253,1,14/03/2021,56,blue
254,2,13/02/2021,53,blue
255,3,08/04/2021,57,blue
256,401,02/12/2020,74750,blue
257,400,28/11/2020,88,blue
258,402,22/01/2022,2657,blue
259,403,03/09/2020,2620,blue
260,404,15/03/2022,40,blue
261,405,10/01/2021,457,blue
262,1,13/10/2020,51,blue
263,2,11/08/2020,49,blue
264,3,24/12/2020,54,blue
265,401,22/11/2021,44152,blue
266,400,25/10/2020,150,blue
267,402,17/02/2022,2933,blue
268,403,21/08/2021,2920,blue
269,404,15/11/2020,54,blue
270,405,17/07/2021,465,blue
271,1,29/03/2022,56,blue
272,2,09/06/2021,56,blue
273,3,04/03/2021,60,blue
274,401,01/04/2021,80705,blue
275,400,07/12/2020,49,blue
276,402,12/09/2021,1556,blue
277,403,11/10/2021,3397,blue
278,404,24/11/2020,41,blue
279,405,08/01/2021,498,blue
280,1,18/11/2021,58,blue
281,2,01/11/2020,56,blue
282,3,10/08/2020,58,blue
283,401,20/02/2022,98786,blue
284,400,01/03/2022,101,blue
285,402,21/09/2020,4774,blue
286,403,24/03/2021,1415,blue
287,404,24/06/2020,49,blue
288,405,01/03/2021,460,blue
289,1,21/11/2021,59,blue
290,2,02/01/2022,50,blue
291,3,03/02/2022,53,blue
292,401,15/03/2022,78641,blue
293,400,20/10/2021,52,blue
294,402,01/04/2021,1498,blue
295,403,10/03/2022,178,blue
296,404,24/02/2021,44,blue
297,405,12/06/2020,497,blue
298,1,31/08/2020,57,blue
299,2,24/02/2021,54,blue
300,3,04/11/2020,54,blue
1,1,24/09/2021,57,blue
2,2,14/03/2022,54,blue
3,3,29/11/2020,59,blue
4,400,17/04/2022,89,blue
5,401,13/04/2021,48804,blue
6,402,20/05/2020,2690,blue
7,403,09/09/2020,2319,blue
8,405,17/12/2021,471,blue
9,410,18/12/2020,753,blue
10,420,06/06/2020,595,blue
11,404,03/03/2022,52,blue
12,1,27/02/2021,58,blue
13,2,28/06/2021,46,blue
14,401,30/10/2020,63652,blue
15,402,13/08/2021,4848,blue
16,3,23/05/2020,60,blue
17,400,18/02/2021,101,blue
18,405,19/01/2022,469,blue
19,420,30/03/2021,668,blue
20,410,19/11/2020,897,blue
21,403,16/09/2021,3357,blue
22,404,28/02/2021,45,blue
23,1,15/07/2021,55,blue
24,2,02/06/2020,49,blue
25,401,28/01/2021,88442,blue
26,402,07/09/2021,5439,blue
27,3,23/07/2021,55,blue
28,400,22/11/2021,38,blue
29,405,02/01/2021,478,blue
30,410,06/04/2022,950,blue
31,403,08/03/2022,3028,blue
32,404,22/11/2020,41,blue
33,420,28/05/2020,528,blue
34,1,28/05/2021,52,blue
35,2,10/01/2022,45,blue
36,401,27/09/2020,61328,blue
37,402,08/12/2021,3700,blue
38,3,14/07/2021,52,blue
39,405,20/09/2021,463,blue
40,400,29/04/2022,106,blue
41,410,22/03/2022,777,blue
42,403,18/10/2021,1333,blue
43,404,12/04/2022,40,blue
44,420,14/07/2020,517,blue
45,1,09/01/2022,57,blue
46,2,27/07/2020,47,blue
47,401,30/04/2020,24818,blue
48,402,08/05/2020,4759,blue
49,3,19/04/2021,53,blue
50,405,07/02/2021,456,blue
51,400,23/07/2021,121,blue
52,410,23/03/2021,747,blue
53,403,04/04/2022,2532,blue
54,420,17/04/2021,620,blue
55,404,04/03/2021,43,blue
56,1,22/01/2021,57,blue
57,2,22/07/2020,48,blue
58,401,27/07/2020,88428,blue
59,402,22/04/2021,4803,blue
60,3,01/08/2020,59,blue
61,405,23/08/2020,470,blue
62,400,28/06/2021,67,blue
63,410,20/12/2020,832,blue
64,403,20/02/2021,1282,blue
65,420,20/10/2020,592,blue
66,404,12/06/2021,49,blue
67,1,03/12/2020,50,blue
68,2,28/10/2020,51,blue
69,401,27/12/2021,97080,blue
70,402,28/12/2020,4115,blue
71,3,01/01/2021,52,blue
72,400,07/11/2020,52,blue
73,410,07/08/2021,835,blue
74,420,14/09/2020,763,blue
75,404,07/02/2021,48,blue
76,405,08/04/2021,459,blue
77,403,09/03/2021,5069,blue
78,1,18/02/2021,58,blue
79,2,04/06/2020,52,blue
80,401,30/05/2021,48878,blue
81,402,15/03/2021,4367,blue
82,3,01/03/2021,60,blue
83,400,24/03/2022,89,blue
84,410,21/12/2021,998,blue
85,420,03/06/2021,648,blue
86,404,30/06/2021,48,blue
87,405,01/04/2022,481,blue
88,403,11/10/2021,2035,blue
89,1,26/06/2021,58,blue
90,2,09/01/2022,52,blue
91,401,09/02/2021,100528,blue
92,402,27/06/2020,828,blue
93,3,16/12/2020,57,blue
94,400,09/07/2020,119,blue
95,410,23/01/2022,815,blue
96,420,14/07/2021,655,blue
97,404,01/05/2021,46,blue
98,405,18/11/2020,496,blue
99,403,29/04/2022,3031,blue
100,1,15/09/2020,55,blue
101,2,06/09/2021,47,blue
102,401,04/06/2021,72368,blue
103,402,27/07/2021,4787,blue
104,3,27/09/2021,58,blue
105,400,26/02/2022,138,blue
106,410,05/02/2021,922,blue
107,404,23/06/2020,49,blue
108,420,11/03/2021,535,blue
109,405,29/05/2020,467,blue
110,403,22/01/2022,4141,blue
111,1,16/04/2022,50,blue
112,2,27/04/2021,57,blue
113,401,12/06/2020,18374,blue
114,402,30/03/2021,1086,blue
115,3,08/12/2020,60,blue
116,400,28/11/2020,70,blue
117,410,05/06/2021,834,blue
118,404,10/12/2021,40,blue
119,420,25/07/2021,766,blue
120,405,13/05/2020,459,blue
121,403,15/01/2022,1863,blue
122,1,11/11/2020,55,blue
123,2,27/08/2021,45,blue
124,401,10/04/2022,43930,blue
125,402,06/09/2021,5803,blue
126,3,27/09/2021,58,blue
127,400,14/09/2021,131,blue
128,410,09/05/2020,769,blue
129,404,18/08/2021,48,blue
130,420,18/08/2020,726,blue
131,405,12/07/2021,471,blue
132,403,06/08/2020,5502,blue
133,1,26/10/2021,52,blue
134,2,18/03/2021,45,blue
135,401,20/10/2021,75645,blue
136,402,05/07/2021,2666,blue
137,3,02/01/2021,59,blue
138,400,15/10/2021,133,blue
139,410,07/10/2021,703,blue
140,404,30/11/2021,50,blue
141,420,01/02/2022,755,blue
142,405,25/05/2020,456,blue
143,403,27/08/2021,2384,blue
144,1,04/03/2021,50,blue
145,2,01/06/2020,45,blue
146,401,10/09/2020,39803,blue
147,402,05/02/2021,2624,blue
148,3,28/03/2022,54,blue
149,400,06/02/2021,88,blue
150,410,20/11/2020,992,blue
151,404,13/12/2021,42,blue
152,420,23/03/2022,704,blue
153,405,12/07/2021,464,blue
154,403,09/09/2020,5850,blue
155,1,26/08/2021,57,blue
156,2,27/01/2021,55,blue
157,401,14/03/2022,77312,blue
158,402,21/02/2022,208,blue
159,3,07/04/2022,53,blue
160,400,30/01/2022,76,blue
161,410,18/07/2020,782,blue
162,420,05/12/2020,756,blue
163,405,21/07/2021,488,blue
164,404,12/03/2022,42,blue
165,403,05/09/2021,3453,blue
166,1,13/08/2021,51,blue
167,2,31/10/2020,52,blue
168,401,28/07/2020,82296,blue
169,402,15/04/2021,4870,blue
170,3,28/02/2021,55,blue
171,400,27/02/2022,36,blue
172,410,03/02/2021,804,blue
173,420,28/08/2020,720,blue
174,405,25/02/2021,486,blue
175,404,23/04/2021,48,blue
176,403,14/02/2021,2716,blue
177,1,30/08/2020,59,blue
178,2,04/10/2020,49,blue
179,401,22/09/2021,53241,blue
180,402,28/11/2021,1237,blue
181,3,04/09/2020,60,blue
182,400,04/10/2020,49,blue
183,410,10/09/2020,875,blue
184,420,21/07/2020,599,blue
185,405,03/02/2021,490,blue
186,404,02/06/2021,40,blue
187,403,01/05/2020,3158,blue
188,1,08/01/2022,52,blue
189,2,07/10/2020,54,blue
190,401,01/12/2020,97517,blue
191,402,28/12/2021,4322,blue
192,3,05/08/2021,53,blue
193,400,24/09/2021,60,blue
194,410,08/02/2021,929,blue
195,420,29/01/2022,628,blue
196,404,28/06/2020,50,blue
197,405,22/12/2020,460,blue
198,403,09/09/2021,5324,blue
199,1,09/12/2021,53,blue
200,2,21/09/2021,55,blue
201,401,10/05/2021,21816,blue
202,402,03/12/2021,3043,blue
203,3,14/12/2020,54,blue
204,400,11/11/2021,112,blue
205,410,19/05/2020,968,blue
206,420,12/03/2021,627,blue
207,405,21/10/2021,473,blue
208,404,16/05/2020,50,blue
209,403,29/04/2021,2021,blue
210,1,18/10/2020,59,blue
211,2,06/12/2021,52,blue
212,401,24/11/2020,68134,blue
213,402,30/04/2021,2187,blue
214,3,27/03/2021,54,blue
215,400,16/05/2020,65,blue
216,410,24/08/2021,800,blue
217,420,12/12/2021,651,blue
218,405,21/04/2021,482,blue
219,404,10/11/2020,43,blue
220,403,02/05/2021,1380,blue
221,1,01/04/2022,52,blue
222,2,08/11/2020,49,blue
223,401,05/12/2021,51850,blue
224,402,23/04/2021,2100,blue
225,3,09/06/2020,55,blue
226,400,17/05/2020,106,blue
227,410,22/06/2020,766,blue
228,420,04/05/2021,583,blue
229,405,25/07/2021,480,blue
230,404,14/04/2022,46,blue
231,403,30/09/2021,3897,blue
232,1,26/12/2021,52,blue
233,2,06/11/2020,46,blue
234,401,20/04/2022,56466,blue
235,402,19/06/2021,678,blue
236,3,13/05/2021,60,blue
237,400,01/09/2021,129,blue
238,410,09/02/2022,874,blue
239,420,08/04/2021,602,blue
240,405,03/01/2022,486,blue
241,404,23/02/2021,41,blue
242,403,21/08/2021,4556,blue
243,1,19/03/2022,52,blue
244,2,28/05/2021,46,blue
245,401,13/04/2022,39987,blue
246,402,12/07/2021,5499,blue
247,3,28/08/2020,61,blue
248,400,07/08/2021,137,blue
249,410,24/10/2021,765,blue
250,420,11/01/2021,716,blue
251,405,23/05/2021,479,blue
252,404,22/02/2022,46,blue
253,403,14/03/2021,5137,blue
254,1,13/02/2021,54,blue
255,2,08/04/2021,53,blue
256,401,02/12/2020,34115,blue
257,402,28/11/2020,4974,blue
258,3,22/01/2022,56,blue
259,400,03/09/2020,87,blue
260,410,15/03/2022,787,blue
261,420,10/01/2021,616,blue
262,405,13/10/2020,469,blue
263,404,11/08/2020,40,blue
264,403,24/12/2020,3590,blue
265,1,22/11/2021,53,blue
266,2,25/10/2020,53,blue
267,401,17/02/2022,95488,blue
268,402,21/08/2021,2382,blue
269,3,15/11/2020,60,blue
270,400,17/07/2021,104,blue
271,410,29/03/2022,887,blue
272,420,09/06/2021,732,blue
273,405,04/03/2021,481,blue
274,404,01/04/2021,43,blue
275,403,07/12/2020,1113,blue
276,1,12/09/2021,53,blue
277,2,11/10/2021,53,blue
278,401,24/11/2020,77226,blue
279,402,08/01/2021,5603,blue
280,3,18/11/2021,60,blue
281,400,01/11/2020,33,blue
282,410,10/08/2020,990,blue
283,420,20/02/2022,780,blue
284,405,01/03/2022,490,blue
285,404,21/09/2020,42,blue
286,403,24/03/2021,575,blue
287,1,24/06/2020,50,blue
288,2,01/03/2021,55,blue
289,401,21/11/2021,10752,blue
290,402,02/01/2022,4274,blue
291,3,03/02/2022,56,blue
292,400,15/03/2022,66,blue
293,410,20/10/2021,866,blue
294,420,01/04/2021,716,blue
295,405,10/03/2022,459,blue
296,404,24/02/2021,40,blue
297,403,12/06/2020,4166,blue
298,1,31/08/2020,58,blue
299,2,24/02/2021,45,blue
300,401,04/11/2020,30426,blue
